ltable_id,rtable_id,label,explanation
1409,51560,0,"Explanation: Both entities refer to songs featuring X Ambassadors on the album True Colors by Zedd. However, the names of the songs are different, so they are not a match."
1289,34035,0,"2 entities are songs with different names, artists, album and genre, but the same price, copyright and time, so it does not match."
2666,35475,1,"Both entities are songs with the same name, artist and album, and genre, and are priced the same. The only difference is the copyright notice, which identifies the copyright owner, so they are a match."
1157,27989,0,"The entities do not match because the song is not the original version and has multiple artists, whereas the entity references the original version featuring only Sam Martin."
3332,7412,0,"1. The second entity has a explicit tag, while the first one does not have it. 2. The second entity's copyright notice is 2014 while the first one's copyright notice is 2015."
1303,34060,0,"1. The two entities have different names. 2. The entities have the same artist and album, but one of them is a remix of the original. 3. The entities have the same genre and release date but different copyright information. Therefore, while the entities have some similarities, they are not a match because they have multiple differences, including their names, release format, and copyright information."
1155,9941,0,"* Entity A and Entity B both have different song names. * Entity A has a different artist than Entity B. * Entity A is a remix with a different version and has a different length than Entity B. * Entity A has a different genre and more genres. * Entity A is sold at a different price. * Entity A is copyrighted differently than Entity B. * Entity B was released a long time ago. * Therefore, Entity A and Entity B do not match and are not considered the same entity."
4733,43755,0,"The two entities have different song titles, artists and album names and prices. In addition, they also have different copyright years and release dates. While both have remixes, they have different remixers and different time length. The lack of similarities among the entities make them NOT a match."
3949,38669,0,"Entity A is a remix of the original song ""Whatcha Say"" by Jason Derulo, whereas Entity B is an original song titled ""The Sky 's The Limit"". Both entities have the same artist, album, and genre but differing song names and a different price. The copyright date also differs significantly, making them unable to match."
2477,1222,0,"2 entities are different songs, by different artists, with different names, copyright and albums."
4056,40142,0,"1. While both songs mention the same artist, the songs have different names and therefore are not a match. 2. The version of ""Scary Monsters and Nice Sprites"" by Skrillex has an explicit rating, whereas the Zedd Remix version is not. This information is not part of the given data, but it is a common indicator of explicit content. 3. The Zedd Remix version is an EP, while the Skrillex version is not. EP stands for Extended Play, which typically contains a selection of previously released songs along with some new songs. This information is also not"
1551,41574,0,"The difference in their release year, 2005 vs 2011, as well as the additional information about it being an acoustic live version as opposed to a live version from the Stratosphere album, makes these two entities not a match."
2020,28191,0,"1. A difference in the title, 2. A difference in the track name, 3. A difference in the track duration, 4. A difference in the genre of the track and the album, 5. Differences in the track names and album covers, 6. Differences in the artist's name, 7. Differences in the release date, and 8. Differences in the album cover layout and design, all of which lead to a lack of a match between the two entities."
1405,55640,0,"Both entities refer to songs with the same artist but the track titles, album names, price, and length are different, making them not a match."
380,33288,0,"1) While both songs feature collaborations with the same artist, 2) the collaborations in both songs are different 3) the album names are also different 4) The copyright information is different 5) The price is the same 6) The time of release is the same, but not the same day. All these factors contribute to not them being a match."
1545,41588,0,"Although both entities have the same artist, the same album and are live acoustic tracks from Kansas City, they have different song names and therefore, are not considered a match."
4236,27814,0,"1. Entity A is a song titled ""Starry Eyed"" with an AN21 and Max Vangeli remix. It comes from an EP titled ""Starry Eyed (Remixes)"". It was released in February 2011. 2. Entity B is a song titled ""Lights"" with a Shook remix. It comes from an EP titled ""Lights (The Remixes Part 1)"". It was released in May 2011. While both songs were remixed by different DJs, have different titles, and were"
4734,31604,0,"Although they have the same artist, the songs are not the same, ""Lick It"" is a remix by Norman Doray of a Kaskade & Skrillex song, while ""Scary Monsters and Nice Sprites"" is a remix by Phonat of a Skrillex song. As a result, these two entities do not match."
1236,50715,0,"* The two entities refer to two different versions of the song, with one being the Spanish version and the other being the Cazzette's Ant Seeking Hamster Mix. * The titles of the entities are different, with the first entity having a Spanish version title and the second entity having a title featuring a different artist's version."
4823,20588,1,"Both entities are songs with the same name, artist and album. The only difference is that the one with ""Deluxe Edition"" has additional tracks, and that's why it's a match."
1168,34894,0,"Entity A is not a match because of two reasons. 1. The Continuous Mix Version of Toyfriend has a slightly different name from the original song. 2. The album release date is different. One Love (Deluxe Version) was released on August 21st, 2009."
1202,28013,0,"2 entities are songs that have the same artist and album, but they have different names, different versions and copyrights."
210,19800,0,"Both entities contain the same song name and artist name, but they have a different album name and are in different genres. They also have different prices and different copyright information. Therefore, they cannot be considered as a match."
3376,7414,1,"Entity A and Entity B both refer to songs that feature Nicki Minaj and are released by Wiz Khalifa. However, one of the songs is explicit while the other is not, making them non-match in this specific case."
5712,35057,1,"1. Both entities are the same song called ""Turn Around"" performed by Flo Rida and were released in the same year, 2010, and have the same label and copyright information. Therefore, they are considered to be a match."
303,22290,0,"Both entities have the same artist and album name and time, but they are different songs with different features, genres and copyrights."
3346,37611,0,"1. The songs have different names - the first song has ""Young, Wild & Free"" while the second song has ""Can You Control Yo Hoe""; 2. The songs have different features - the first song features Bruno Mars, while the second song features Soopafly; 3. The songs are from different albums - the first song is part of the soundtrack to the movie ""Mac and Devin Go to High School,"" while the second song is part of the album ""R&G ( Rhythm & Gangsta ) : The Masterpiece""; 4. The songs have different genres"
6764,51438,1,"1. Both entities have the same song name. 2. Both entities feature the same artist (The Weeknd). 3. The album names (Trilogy vs Trilogy (Edited Version)) and price ($1.29) are also consistent. The only difference is in the genre of each entity, where one features an R&B and contemporary R&B genre and the other only features an R&B genre. Since they still refer to the same song with a slight variation in genre, they can still be considered a match."
2021,28403,0,"1. The album title is different: [Live After Deaf (Live)] vs. [Live At Carnegie Hall] 2. The album title is different: [Complete Collection] vs. [ Live At Carnegie Hall ] 3. The song title is different: [If I Am a Stranger (Live In Amsterdam)] vs. [Lucky Now (Live At Carnegie Hall/11/17/2014)] 4. The song title is different: [If I Am a Stranger (Live In Amsterdam)] vs. [Lucky Now (Live At Carne"
1084,9523,0,"1) The two songs have the same name but are different versions of the same song, with the second version featuring a different artist. 2) The songs are from different albums, with the first version appearing on a different album than the second version. 3) The two songs have different genres. Therefore, while they feature the same artist and are from the same album, they are not a match."
1204,28025,0,"2014 and 2015 versions of the song have different artists, and also different edits and prices. Therefore, they are not a match."
1828,15256,0,"1. In the first example, both entities are related to music, with the same name and artist. 2. In the second example, the same name and artist are again related to music, but one entity is explicit while the other is not, and the release date is different. 3. In the third example, the two entities are related to music, but one has a different version and includes a remix. Therefore, they do not match as the version of the song is different."
5147,43656,0,"While both entities are songs from the same artist and album, they have different features, price and release dates making them different versions of the same song and hence not a match."
2694,17169,0,"1. The names of both songs are different, therefore the entities do not match 2. The ""feat . Monty"" credit in both entities does not match because the first song is credited to Monty and the second song is not."
592,43689,1,"2 entities refer to the same song, album name, artist and genre. But the entities have a different label and this is not a match."
2479,33786,1,"In this case, both entities are songs from the same artist, album, genre, and length. However, one of them has a different price and is copyrighted under a different label. Therefore, they match based on most of the attributes provided, but not all of them."
1542,41590,0,"Although both entities have similar names, songs, album and genre, they are not the same song as they have different artists and time."
5001,3099,1,"1. Both entities have the same title ""Who I Am With You"" and the same artist ""Chris Young"". 2. Both entities are from the same album, ""A.M"". 3. The genre of ""A.M"" is country, urban cowboy, contemporary country, which matches with the genre of ""Who I Am With You"". 4. Both entities are available for sale at a price of $1.29, and have the same copyright, which also matches. Therefore, the two entities match."
2021,28279,0,"1. While both entities are songs by Ryan Adams, they have different song titles and therefore, are not a match. 2. Entity B is released as a bonus track and is part of the Live After Deaf Collection, whereas Entity A is released independently. 3. Entity B is also classified as having a genre of Folk while Entity A is classified as having a genre of Singer/Songwriter . These differences further support the fact that the two entities do not match."
6290,47840,0,"The reason why entity A and B are not a match is that they refer to two different songs with the same artist, but different features, album version and different copyright holders and released dates."
1193,28006,0,"While both entities are songs with the same artist, they have different names and versions,"
801,29543,0,"1. The first entity includes a featured artist, which is different from the second entity, 2. the first entity has a different title and remix, 3. The second entity has different album name and is not made popular by the same artist. 4. Different genre of music as well."
6234,13713,1,"Both entities refer to the same song with the same name, artist, genre, price, and time. They also have the same copyright information and the same physical attributes. Therefore, it is accurate to say that these two entities match."
3349,7362,0,"1. The titles of the songs are different. The song name in entity A is ""Remember You"" while the song name in entity B is ""KK."" 2. The feature artist in entity A is The Weeknd while in entity B it is Project Pat and Juicy J. 3. The album name of entity A is ""O.N.I.F.C. ( Deluxe Version )"" while the album name of entity B is ""Blacc Hollywood ( Deluxe )."" 4. The genre of the songs are different, with entity A being hardcore rap while entity B is rap"
3549,19057,0,"While both entities refer to a song with the same artist, they have different song titles. However, what is interesting to note is that the second entity has an incorrect title and the artist name is also changed as Sage The Gemini and Lookas. Furthermore, there are missing parentheses around the artist names in the second entity. Lastly, the second entity's release date is January 21, 2015 while the first entity was released in April 19, 2011. As such, the two entities do not match as they are different songs with different titles, artist names"
1625,27515,0,"Although both entities have the same artist and song name, the album name and genre are different. This means that these are two separate tracks by the same artist and cannot be matched."
2749,17161,1,"While both entities are songs with the same artist and album, they have different versions of the song. Therefore, the labels match as they refer to the clean and explicit versions of the same song, even if they were released differently and belong to different record labels."
5409,20551,0,"1) The titles of the songs are different; 2) They are from different albums and 3) The prices and release dates are different, so they are not a match."
1148,7757,1,"Both examples refer to songs with the same name and artist, but different album names and genre, which makes them a match."
1262,34894,0,"While both entities are songs from the same album, one features Wynter Gordon and the other features Chris Willis, and therefore, they are not a match."
1309,34898,0,"* The second entity is not a match for the first entity because the two songs have different artists, and while the two songs are both by David Guetta, their featured artists are different. * Additionally, the second entity is not a match because the second song has a different title and album name than the first song. * The third entity is also not a match because the third song has a different title, album name, and genre than the first two songs. The genre is now classified as dance-pop."
5071,34920,0,"2007 and 2009 are different years, ""Obsession"" and ""Gettin ' Over"" are different song names. Additionally, ""David Guetta"" appears on both entities, but in a different name and year. This indicates that they are not a match."
317,22283,0,"Explanation: Explanation: The two entities do not match because they have different names."
467,362,1,"Both entities refer to the same song but have different names for the album. While one has an asterisk next to the name, indicating that it is a bonus track, the other does not, meaning it's part of the deluxe edition. Therefore, they match as they refer to the same song, but have different context of release and album names."
6458,18807,1,"The two entities share the same song title and artist. However, the version of the song (Main version vs Explicit) and the album release date, album name and copyright information are not the same."
2841,52852,0,"2014 and 2015 versions of the song Crack in the Pearl (Feat. Stevie Wonder & Jeff Bhasker) by Mark Ronson are slightly different versions of the same song, with different features and arrangements, hence they are not identical matches."
5085,40496,0,"1. The names of the songs are different in both entities 2. The versions are also different in entity A (Deluxe Version) and entity B is a single version 3. The releases are also different in both entities ( entity A was released later than entity B)"
1183,34915,0,"* Both entities refer to songs by the same artist. * Both entities refer to the same album, except for the version. * Both entities refer to different versions of the same song, which also have different prices. Therefore, the two entities are not a match."
2742,17206,0,"1. Both songs are ""featuring"" Monty, 2. they have similar genres and prices, 3. they were both released around the same time but 4. they have different titles and copyright information, they were released under different record labels."
2459,10377,0,"1. The names of the two songs are different. 2. The two songs belong to different albums, not by the same artist. 3. The genre is not the same as the first entity. 4. The released date of the second song is more recent than that of the first. 5. The second song is priced higher than the first. 6. The second song is not a direct match of the copyright date of the first."
3573,53964,0,"The first entity is a song named ""Why You Up In Here"" which is a collaborative track with Ludacris, Git Fresh, and Gucci Mane. The song is a part of Flo Rida's album ""Only One Flo, Pt. 1"" which was released in 2010. The song falls under the genre of Hip-Hop/Rap, Music, Rap, and Dirty South and was priced at $1.29 and copyrighted in 2010. The second entity, on the other hand, is a song named """
1344,10527,0,"Although both entities refer to songs by Zedd, they are not the same song because: * The second entity refers to a remix version of the first entity, with a different artist feature and a different release year. * The first entity refers to a song with a different feature artist, a different release year and a different price."
6218,29583,1,"Both entities are songs with the same name and artist, and are released on the same album, Love On The Inside (Deluxe Fan Edition). Therefore, they are considered a match."
1159,28024,0,"The two entities have different names, time and album name and even the album name is not available on entity B, so they cannot match."
3360,17651,0,"While both entities refer to songs with the same artist and album, the song name is different which is why it does not match. Additionally, the second entity also has an explicit tag and the release date is April 17, 2009 which is different from the third entity's release date of December 9, 2011 and the explicit tag is missing. Therefore, the two entities are not a match."
1317,34002,0,"Both entities are songs with the same artist and album, however, the tracks are not the same and therefore they are not a match. The second entity also has a different track length and a different release date."
1151,53282,1,"Explanation: The two entities match because they are both songs from the same artist and album, and they have the same name and release date."
1579,41572,0,"The second example does not match the first example, because the second example is a live version of the song with a different recording company and is from a different album. The first example, however, is a studio version of the song from a different album, but with the same recording company. These two versions are not matches because they are not the same version of the same song."
252,52996,0,"While both entities refer to songs by the same artist and from the same album, they are not a match because they have different song names and interludes/instrumentals in their track listing."
2399,29849,1,"Both entities are the same song and therefore, match."
1260,34919,0,"1. Entity A's version features the artist ""Wynter Gordon"" while Entity B's version features ""Novel"". This is why both entities cannot be considered a match. 2. Entity A's version has a continuous mix while Entity B's version has a continuous mix and the term ""Feat."" added to it. So, the two entities are not a match. 3. Entity A's version was released in 2009 while Entity B's version was also released in 2009."
4980,20081,0,"1. The genre of Entity B is different from Entity A. 2. The album name of Entity B is different from Entity A. 3. The price of Entity B is different from Entity A. 4. The copyright of Entity B is different from Entity A. 5. The released date of Entity B is different from Entity A. Therefore, Entity B does not match Entity A."
1489,3898,1,"Both entities are songs with the same name and artist, but they differ in price and copyright ownership. Therefore, they are a match based on name and artist, but not on price and copyright ownership."
5079,40453,0,"1) Both entities have the same song name but different remixes. 2) Entity B is not an official single release of the original track. Therefore, it is not a match."
1193,27999,0,"2 entities that do not match because: -The name of the first song ""The Whisperer"" is different from the name of the second song ""Goodbye Friend"". -The second song's album name ""Listen (Deluxe)"" is a different version of the album name of the first song, ""Listen"". -The time of the second song is different from the time of the first song."
2987,37085,0,"Although both entities have the same name, artist and album, there are a couple of differences that make them not a match. First, Entity B has a version that has a different name, in this case, ""Pray to God (R3hab Remix)"" and secondly, Entity A has a different release date and price. Additionally, the copyright of Entity B is different from that of Entity A."
2809,28356,0,"* While both entities refer to live versions of songs, they are not related to each other in any way. * They have different song names, artists, genres, prices and copyright years."
3093,22994,1,"Entity A and B both have the same name and artist, but their album name is different, so they are considered a match since they match based on their name and artist."
1278,34912,0,"1. The first entity has the same artist and album, but the title of the song is ""Toyfriend"" ( Continuous Mix Version ) , while the second entity has a different title, ""When Love Takes Over"" ( Electro Extended ; Continuous Mix Version ). 2. Since they have different titles, they cannot be considered a match based on the given criteria."
1343,6231,0,"The third example is a song remix titled ""Find You ( Mike Hawkins Remix )"" by Zedd, whereas the second example is a song titled ""Beautiful Now ( KDrew Remix )"" by Zedd. Both of these songs are remixes of the original track ""Find You"" by Zedd featuring Matthew Koma and Miriam Bryant. However, they have different titles, artists and genres. Since the title and artist of the song are not the same, they are not considered to be a match."
508,55899,1,"The two entities refer to the same song with the same artist, and it was released in two different albums, the first one is x (2014 Asylum Records UK , a Warner Music UK Company) and the second one is a remix from Afire Love (2014 mau5trap Recordings Ltd). Since the two versions of the same song have the same name and artist, they can be considered a match."
6624,800,0,"1989 is an album, not a song. Even though the name, artist and album of both entities match, they are still different, so it's not a match."
4761,6229,0,"1. The two entities have different song names. 2. The first entity does not mention any remixes or collaborations, while the second entity specifically mentions a remix and a collaboration with another artist. 3. The two entities have different album names. Overall, the two entities are clearly different and do not match."
642,24635,1,"Both entities refer to the same song."
254,49104,1,"Both entities refer to the same song from the same album with the same artist and are therefore, are a match."
4730,17350,0,"There is not enough information provided to accurately determine if the two entities are a match. The name of the second entity appears to be a different name than the first, and there is no information about the artist, genre, album, or copyright information. Additionally, the third entity mentions an album called ""Fire & Ice"", but it is not mentioned in either of the other two entities, so it is not clear if this album should be considered a match. More information would be needed to make a definitive determination."
6857,39318,1,"Both entities have the same name and artist. They also have the same album name. The only difference is that the second entity has the word ""clean"" before the song title, which indicates that it is a clean version of the song. The second entity also has the tag ""+ Video"" and ""+ Digital Booklet"" attached to it, indicating that it comes with extra content. Overall, the second entity has more content and is a clean version of the song. Therefore, the two entities match."
4426,43699,0,"1. The first song's album title is FOUR ( Ultimate Edition ), whereas the second song's album title is Take Me Home : Yearbook Edition . 2. The first song's copyright date is 2014, while the second song's copyright date is 2012. Therefore, the two entities are not a match as they refer to different songs."
1312,28022,0,"In entity A, ""Toyfriend"" and ""Wynter Gordon"" are both different entities, while ""Toyfriend"" and ""Nicki Minaj"" in entity B are not a match as Nicki Minaj appears in a different version of the song with the same name."
5707,37649,0,"1) The song name in Entity B is different from the song name in Entity A. 2) The album name in Entity B is different from the album name in Entity A. 3) The version of the album in Entity B is different from the version of the album in Entity A. 4) The price of the song in Entity B is different from the price of the song in Entity A. 5) The copyright notice in Entity B is different from the copyright notice in Entity A. 6) The time of the song in Entity B is different from the time of the song in Entity A. 7)"
5806,6499,1,"Both entities are songs with the same title and artist. However, the Entity A has additional information such as genre and album, whereas Entity B is missing the genre information. It is also worth noting that the copyright information in Entity A indicates that the song is protected by copyright, whereas in Entity B the copyright information is absent. Thus, Entity A provides additional information beyond what is required to match with the given examples."
1447,41580,0,"Despite having the same artist, album name and genre, the two entities are not a match as they refer to two different songs with different song names and lengths. The second entity also features the location and date of the live performance, which is not mentioned in the first entity."
330,22285,0,"While both entities have the same artist and are on the same album, one has an explicit tag which the other doesn't, as well as different features and different times. These differences render them non-matches."
1273,31286,0,"While both entities are songs and by the same artist, they have different names and are different versions (continuous mix vs album version) and are also in different genres. Therefore, they are not a match."
4047,37547,0,"Entity A has several features that are different from Entity B. The title of the song in Entity A has spaces and contains the word 'Ember', while Entity B has no spaces and does not contain the word 'Ember'. Additionally, the song in Entity A includes a feature by Justin Bieber, while Entity B does not feature any collaborations. Another major difference is that the remix in Entity A was released in June 2015, while the remix in Entity B was released in August 2011. These differences in the features of the songs make them not a match."
1233,21564,0,"Both entities are songs with the same title, and the same artist but they have different features, different mixes and the song was released in different years."
2845,52867,1,"1. The title of entity B has a clean version, whereas entity A does not. 2. The track listing in entity B is not included in the track listing of entity A. 3. The PRICE of entity A has a price variation, whereas entity B has the same price. Overall, entity B is not a match with entity A."
205,41179,1,"While the two entities have the same name, artist, album and release date, the version of the album, genre and price are different, making them a match."
6430,31068,0,"1. Both entities refer to songs from the same album, [ALBUM NAME], but have different song names. 2. While both have the same artist, One Direction, the songs are not the same, they are distinct tracks off the album. Therefore, they are not considered a match."
3259,4536,0,"Both entities are remixes of the same song by the same artist but have different names and remixers, thus they are not a match."
1655,49479,1,"Both entities refer to the same song with the same name and artist, however, it is not the same album version. The first entity is a bonus track from a deluxe version album of The Sound of Madness, while the second entity is a separate release."
1264,28000,0,"While both entities refer to songs with the same artist, they have different names, and one of the versions has been released in a different album. So they are not a match.</s>"
3944,18970,1,"Both entities are songs with the same name and artist, but the album name is different. So even though the genre of the songs match, it does not make it a perfect match because there are other parameters that are different. The label match, is considered as it is the same."
1312,28005,0,"1. The songs are from different albums. 2. They have different features. 3. The songs are from different years."
5682,35056,0,"2010 and 2011 are two different years, so this entity is not a match with the previous one."
3413,34333,0,"A: Although the two songs share some similarities such as featuring The Weeknd and belonging to Wiz Khalifa's album, they have different song names, and different artist names. B: The name of the second entity is Initiation instead of Extra Extra Credit, and it also features Lola Monroe instead of Echosmith. Despite sharing the same artist and album, the songs have different names, making it not a match."
3321,34321,0,"1. The two songs have different titles. 2. The two songs have different features, in this case, different artists. 3. Even though both entities refer to songs by Wiz Khalifa, they are from different albums."
147,50730,1,"Both songs are Meghan Trainor's ""Credit"" which was featured in her album ""Title (Deluxe)"" and are both in the genre of pop music. However, the difference between the two entities lies in the album's title and label. The first entity has a different album title and label as compared to the second entity."
2729,17190,0,"* Both entities have the same artist, which is Fetty Wap, and same album name, which is Fetty Wap. However, their names are different and therefore they are not a match * Entity B also contains additional information such as the clean version of the song, the label name which is not present in entity A. Therefore, entity B does not match with entity A."
5087,9483,0,"Entity A refers to the song ""Confess To Me"" featuring Jessie Ware from the album ""Settle ( Deluxe Version )"" by the artist Disclosure. Entity B also refers to a song by Disclosure called ""Omen"" featuring Sam Smith from the album ""Caracal ( Deluxe )"", but the two songs have different names, prices and time lengths, and are therefore not a match."
598,43689,1,"Both entities refer to songs with the same title and artist. The only difference between them is in the release date, album name, and the label that released the song. Since the entities match in the title and artist, they are a match."
4747,5682,1,"1. Both entities are songs by the same artist and have the same title, and are bonus tracks. 2. In the first case, the entity is from the album ""Bangarang,"" which was released in 2012, while in the second case, it is from the album ""Bangarang EP"" released in 2011. 3. In the first case, it was a full-length album, while in the second case, it was an EP. 4. Therefore, both entities can be considered a match as they share the same song title, artist and release date"
2680,27453,0,"Both entities refer to songs performed by Lauren Alaina on American Idol, however, the songs are not the same. The first song is ""Any Man of Mine"", which is not a cover song, while the second song is a cover of ""A Natural Woman"" by Aretha Franklin. Hence, they are not a match."
3003,8057,0,"Although both entities are songs by the same artist and share the same name, there are key differences that set them apart. The extended mix of ""Awooga"" is an extended version of the song that was previously included in a compilation album titled ""Bounce"" which is an exclusive release on iTunes Music Store. The remixes album version has additional tracks and the audio quality has also been improved. On the other hand, the Fly Eye Club Mix of ""Bounce"" is a remix of the original song by Calvin Harris and is only available through a third-party label, Bill M"
1579,41593,0,"Entity A refers to an acoustic version of the song ""Second Chance"" by Shinedown, taken from the album ""Somewhere In the Stratosphere (Live)"" While Entity B also refers to an acoustic version of ""Second Chance"" by Shinedown, but taken from the album ""Somewhere In The Stratosphere"" but with a different title ""Devour""."
1274,31290,0,"1. There are different names for the songs, one of them is Toyfriend (Continuous Mix Version) and the other one is Still Pimpin'(Album Version(Explicit)). 2. The artist of the first song is David Guetta while the second song is by David Banner. 3. The genre of the first song is Dance/Music while the second song is Pop. 4. The copyright for the first song is 2010 Gum Prod licence exclusive Parlophone Music France while the copyright for the second song is (C) 20"
1264,28015,0,"1. The titles of the songs are different. 2. The features are different. 3. The album names are different. 4. The genre is different. 5. The prices are different. 6. The copyright years are different. 7. The release years are different. Therefore, these entities do not match based on the criteria given in the prompt."
3175,42596,0,"While both entities have the same artist, their song names are different. Therefore, the two entities do not match as the entities refer to two different songs. Additionally, the copyright information of the two entities is also different. The first entity has a copyright of 2011, whereas the second entity has a copyright of 1981. Therefore, the two entities are not considered a match based on these differences."
1266,34905,0,"Both entities are songs with the same artist and album name. However, their song names are different and the last track in the album is not match. The Continuous Mix Version of ""Toyfriend"" ( feat. Wynter Gordon ) in Entity A is different from the standard version of ""One Love"" ( Feat. Estelle ) in Entity B. Therefore, these two entities are not a match as they refer to different songs."
3378,7377,0,"1) The first entity is not a match because of the title ""True Colors"" featuring ""Nicki Minaj"" while the second entity is not because of the title ""KK"" featuring ""Project Pat & Juicy J"". 2) They are not a match because both the entities have different deluxe versions. Therefore, they are not a match."
1753,37547,0,"While both entities refer to songs with the same artist, they have clearly different names and have different versions of the song and thus, are not a match. In the first example, the name of the song is ""Extra Extra Credit"" and the album name is ""Flight School"". On the other hand, the second entity refers to the song ""Papercut"" which was featured with Troye Sivan and the album ""True Colors"". In the third example, both songs are ""Get Low"" remixes, but the version refers to ""Neo Fresco Remix"" and"
1079,9500,0,"The first difference between the two entities is that Entity A has a specific feature, while Entity B does not. Entity A mentions the feature of ""feat"" followed by the name ""Jordan Rakei,"" indicating that he is a featured artist in the song, while Entity B does not mention any featured artists. Secondly, Entity A has no specific release date, while Entity B has a specific release date of September 25, 2015. This may suggest that Entity B is a single released separately from the album, while Entity A is a track on the album. Fin"
3451,7344,0,"Both entities are songs that feature The Weeknd and the album is also the same. However, they are not a match because the songs have different names and the album version mentioned are different as well. Also, the label is also mentioned on the 2nd entity which is not in the first entity."
1183,31278,0,"1. The genre of the song in Entity A is different than the one in Entity B. Entity A is classified as a dance, music and electronic song, while Entity B is classified as a pop song. 2. The version of the song in Entity A is a continuous mix version, while in Entity B it is an album version (explicit). 3. The copyright information in Entity A is 2010 Gum Prod licence exclusive Parlophone Music France, while in Entity B is (C) 2003 Universal Records, a Division of UMG Recordings,"
2020,28341,0,"Both entities are live recordings of songs by Ryan Adams, but they have different titles, album names, and time lengths, making them not a match."
1776,33397,1,"1. In terms of genre, both entities match since they both belong to Latin Urban and Latin Music. 2. In terms of price, both entities match since they are both priced at $0.99. 3. In terms of copy right, both entities match since they are both copyrighted by Codiscos S.A.S. 4. In terms of time, both entities match since they both have a runtime of 4 minutes and 46 seconds. 5. In terms of song name, both entities match since they both have the same name, Piensas en M"
5852,32665,0,"1) Both entities refer to songs with the same artist, but they have different names, which means that they don't match. 2) The first entity is a bonus video and the second entity is an acoustic version of the song, which means that they are two different versions of the same song, so they don't match."
5147,43679,0,"Entity A: * The song name in this entity is ""Take Care ( feat . Rihanna )"". * It has two different entities for copyright and release date. Entity B: * The song name in this entity is ""The Real Her ( feat . Andre 3000 )"". * It has two different entities for copyright and release date. Both entities have the same artist, album name, and genre but have different song names with different features. Therefore, it would be difficult to consider them as a match because they have several differences."
1260,54194,0,"Although both entities have the same artist and song name, they are not a match due to differences in the album name, release date, and price. However, it is important to note that the copyright information is different in both entities, with Entity A indicating a Gum Prod license exclusive Parlophone Music France copyright, while Entity B has a different copyright notice stating that it is owned by The Valory Music Co. , LLC. This would indicate a discrepancy in the copyright ownership for both versions of the song."
4890,35775,0,"1) The two entities have different song names 2) The third entity is a Karaoke version of the song, whereas the first entity is the original version. 3) The second entity is made famous by LMFAO, while the third entity is LMFAO featuring Lauren Bennett & Goon Rock Karaoke Band, not the same thing. 4) The third entity also has different copyright information, different price, and different time."
624,8814,0,"while both entities are songs with different names and artists, the reason for not a match is not immediately clear. The first entity is Fall Out Boy's song titled ""Centuries"" with a Gazzo remix, while the second entity is Boyface's song titled ""Busy"" with a N3mrod remix featuring Kevin Lyttle. While these songs have the same genre and are electronic dance tracks, the remixers and artists are not the same."
2782,31534,1,"Both entities are songs with the same name and artist. Additionally, they have the same album name, genre and price. However, the time is different and one of them has the album name spelled differently in the credits."
3358,39320,1,"1. Both entities refer to the same song, Cameras, by Wiz Khalifa. 2. The only difference is the price, with Entity A priced at $ 1.29 and Entity B priced at $ 1.29. 3. Both entities are released by the same record label, with Entity A being distributed by Atlantic Recording Corporation for the United States and WEA International Inc. for the world outside of the United States, and Entity B being distributed by the same labels with added value like video and digital booklet. In this case, the two entities are"
1022,9526,0,"1. This entity does not have the same name as the song. 2. This entity has a different feature than the song. 3. It is not a feature. 4. This entity has a different name than the song. 5. This entity has a different name than the album. 6. This entity is not an album. 7. The price and label are different. Therefore, this entity is not a match."
6314,20460,0,"2009 and 2015 are two different years so, it's not a match."
4726,40156,0,"Although both entities have the same artist, one is a full-length album, while the other is an EP. Additionally, the album has an explicit rating while the EP doesn't, and the tracks have different names. Thus, the two entities cannot be considered a match."
1231,55245,0,"1) The song name, which is different in both entities, is the reason they do not match. 2) Both entities have different features, "" Sia "" and "" Wayne & 2 Chainz "", which are also different reasons why they don't match."
1277,28012,0,"Both entities are songs with the same artist and similar names, but with different versions and variations. ""Toyfriend"" by David Guetta features Wynter Gordon and is a continuous mix version, while ""Dangerous"" by David Guetta features Sam Martin and is a Robin Schulz remix radio edit. The two songs also come from different albums, one being a deluxe version of ""One Love"" and the other a deluxe version of ""Listen."" Additionally, the copyright for ""Dangerous"" is from 2015, while ""Toyfriend"" is from 20"
1158,21574,0,"1. The two entities have different track names and the second one has a different name of the song than the original one. 2. The second entity contains a different remix that is not the same as the first entity. 3. The second entity also has a different price than the first entity. Therefore, these two entities do not match because they have different track names, different remixes, and different prices."
836,23706,1,"6PM In New York is a song that appears in both entities, and matches as a third example as well, due to the similarities in artist and album. However, while both tracks are the same, one entity contains explicit language, while the other does not. This adds an additional aspect of classification to the comparison of the two entities."
3850,9120,1,"1. Both entities refer to the same song by the same artist. 2. They also have the same album name and genre. 3. The copyright information is also consistent. 4. The time of each track is the same. 5. Both entities were released at the same time."
5059,34879,0,"While both entities refer to songs by the same artist, they have clearly different names and are also extended versions. Entity A has additional genres that Entity B lacks. Therefore, they are not a match."
2022,28261,0,"Although both entities are related to songs with the same artist, they are not a match because: 1. The song names are different, 2. One entity contains the extra information about the song being a live performance in a specific location, while the other entity does not mention any location. 3. The copyright date is different in both entities, indicating that they may have been released at different times."
3327,34307,0,"1. ""O.N.I.F.C. ( Deluxe Version )"" and ""O.N.I.F.C."" refer to the same album, but the deluxe version includes additional content. 2. ""Remember You"" and ""Bluffin"" are two different songs on the same album."
5208,22907,0,"1) Entity B is a remix of ""Love Me"" by Lil Wayne, which is not the same as Entity A, which is a collaborative song between Lil Wayne and Jay Sean titled ""That Ai n't Me."" 2) Entity B contains an explicit version of the album, while Entity A does not. This makes Entity B and Entity A incompatible as they have different versions."
1263,31287,0,"1. The names of the songs are not the same. The first song is called ""Toyfriend"" while the second song is called ""Phone Tap"". 2. The genres are different. The first song is categorized as Dance/Music while the second song is categorized as Pop. 3. The albums are not the same. The first song appears on the album ""One Love"" while the second song appears on the album ""Mississippi-The Album"". 4. The artists are not the same. The first song is performed by David Guetta while the second song is performed by"
3312,34336,0,"This is because both entities refer to songs from the same album, but they are different songs."
1542,41566,0,"Both entities are songs with the same artist and album, but they have different names and time lengths, therefore, they are not a match."
5082,40476,0,"The two entities are songs, but their names do not match, making it not a match."
6532,38301,1,"2010 and 2012 are two different years of release, but both entities are songs with the same name, artist, genre, price and label, except the first entity has a slightly different album title, but the second entity has additional content such as a video and a digital booklet, making them a match."
3324,7403,1,"1. Both entities refer to the same song. 2. The entities have the same artist and album. 3. The genres of the song are the same in both entities. 4. The song's price is the same in both entities. 5. The song's copyright information is identical in both entities. 6. The length of the song is slightly different in both entities, but this does not affect whether the two entities match or not. Therefore, Entity A and Entity B match in terms of the provided attributes."
2731,17200,0,"Although both entities have the same name and artist, they refer to different songs with different lyrics and features. Furthermore, the copyrights are different, with one having 2000 and the other having 2015. Therefore, they cannot be considered a match."
276,53019,0,"while both entities are songs from the same album and artist, they are marked as interlude songs which have different time, in this case, the first entity has 1 minute and 25 seconds, and the second entity only has 27 seconds. So, they are labeled as not a match because they are interlude songs with different duration, and they are not intended as the same song."
3372,7437,0,"Entity A: The two entities have different songs names and a different album name. Entity B: The two entities have the same song name, but their album names are different and have an explicit tag, which is not mentioned in Entity A."
5080,9487,0,"1. The two entities refer to different songs, 2. They feature different artists, 3. They belong to different albums, 4. They belong to different genres, 5. They were released at different dates, 6. They have different prices."
6047,4667,1,"2 entities have the same name and artist and also the album is the same, but the genre of the third entity is not the same as the other two."
1623,27506,0,"In this case, the two entities refer to different versions of the same song, a live acoustic version and an album version. The acoustic version was recorded on a radio station and includes additional lyrics while the album version does not. These are two different versions of the same song and are not a match."
1278,27994,0,"While both entities are songs by the same artist, they are not identical. The difference lies in the specific version and the release date of the song."
3255,4532,0,"Although the two entities have the same name, they have different album titles, different genres, and different artists. As a result, they do not match."
4384,23361,1,"Both entities are songs with the same name and artist, thus they match."
5993,38107,0,"Although the two songs are from the same artist, Reba McEntire, they have different song names, album names and a different version of a song, so they are not considered a match."
3461,7348,0,"Despite both entities having the same artist, they have clearly different song names. The song name for Entity A is ""Remember You"" while for Entity B, it is ""House In The Hills"". So, they cannot be considered a match on this basis alone."
3887,16397,1,"Both entities are songs with the same name and artist. However, in this case, Entity B is a ""clean"" version of the song, meaning that it does not contain explicit language, unlike Entity A. As such, they match since they are two different versions of the same song."
1312,28011,0,"1. Entity A has a song name and album name that are not the same. Entity B has a song name and album name that are the same. Therefore, both songs have a match in terms of their names and albums. 2. Entity A has a slightly different version of the song. The version is labeled as ""Continuous Mix Version."" Entity B has a different version of the song labeled as ""Radio Edit."" Therefore, both versions have a match in terms of their artists. 3. The price of Entity A is $ 1.29 while the price of Entity B is $ 1"
1314,34035,0,"Although both entities refer to songs released by David Guetta, they are different in terms of several aspects. The first song has a different name than the second song. The first song features Crystal Nicole and Tyrese Gibson while the second song features Chris Brown and Lil Wayne. Additionally, the first song has a different album name, and it is not an explicit version, while the second song has a different album name and is an explicit version. Therefore, the two entities do not match."
361,37081,0,"The third example contains information about ""Powerful"" which features Ellie Goulding, by Major Lazer, and that it has a remix by Michael Calfan. This version of ""Powerful"" is different than the original version in terms of its features and remix. As such, it would not be considered a match with the second example, which features a completely different song called ""Original Don"" with a feature by The Partysquad and a Punish Smash Em Remix."
4610,26152,1,"Both entities are songs with the same artist and title, which means they are a match."
6855,7373,0,"1) the name of song is different, 2) price is also different ( the price of ""Get Your S ** t"" is $1.29 and the price of ""You And Your Friends"" is $1.29, but 3) the album name and genre are the same."
4058,40164,0,"Both entities refer to different songs with the same name, however they also have different artists. Entity A has Skrillex as the artist, while Entity B has a collaborative version featuring several artists. Additionally, Entity A is a remix of the original song, which changes its genre and structure. Therefore, Entity A and Entity B are not a match."
1897,51626,1,"2 entities are songs with the same name and artist."
3354,17660,1,"Both entities refer to the same song with the same name and artist. The second entity adds the word ""Explicit"" to the title and album and changes the genre slightly. The copyright is also different in the second entity, with a copyright of 2013 from Mad Decent instead of 2009 from Rostrum Records. The time and price of both entities are also the same. Overall, the two entities are a match as they refer to the same song with slight variations in details."
1777,20232,1,"Both entities have the same name and artist, and also, the first entity has the description of a remix, as well as the copyright year. However, the second entity does not specify remix, and also, it has different copyright information, which means they are not exact matches but could be related as they share a common track."
3450,34292,0,"* Entity A is a song that features The Weeknd while Entity B does not have any collaborations. * Entity A is the deluxe version of O.N.I.F.C. album while Entity B is not a deluxe edition. * Entity B is labeled as clean, which means it does not contain explicit content while Entity A does not have any clean version. Therefore, Entity A and Entity B are not a match because they have different collaborations, album versions and clean/explicit content."
1736,10938,1,"The only change between both entities is the use of a single quotation mark versus double quotation marks in the song title. As such, they match because they have the same name, artist and album."
250,52970,0,"While both entities have the same artist and album name, one has an additional ""clean"" version and an interlude while the other does not. Therefore, they are not a match."
110,53087,1,"Both entities have the same song name, artist and album name. The only difference is the addition of the explicit tag, which is not enough to change the match label."
5827,6502,1,"1. The same artist, Bieber has multiple songs named ""Die In Your Arms"", and 2. The different version referenced as ""album version"" and ""deluxe edition"" may be slightly different versions of the same song, but they belong to the same artist and album, therefore matching the label ""MATCH""."
3449,7363,0,"Although both entities have the same artist, they are two different songs with different names, prices and different versions of album. They are not a match based on the given entities."
2490,4511,1,"Both entities refer to the same song with the same name, artist and album, which is a match."
282,52990,0,"It looks like there is a mistake in the example as the second entity includes an explicit tag, which is not mentioned in the first example and therefore it is not a match."
261,53008,0,"Explanation: While both entities refer to songs from the same artist on the same album, they are interludes and therefore, are not a match. Additionally, they are not identical versions, as the second entity is explicitly rated."
1735,10926,1,"The entities match because both have the same song name, artist and album name, as well as the same release date. However, the album names have slightly different punctuation and spacing, but they are not considered major differences. Additionally, the genre is the same for both entities. Note: This is a music database, so it's likely that the prices, copyright information, and time are not accurate, and may vary depending on the source."
1595,52925,1,"1. Both entities refer to a song called ""Fake"" by the same artist, Shinedown. 2. They are also both referred to as demos. 3. They both have the same length (5:05). 4. They both were released before 2005."
5130,37223,0,"1. Different Song Name 2. Different Edited Version of the Album 3. Different Price of the same Song 4. Different Copyright Year. So, it is not a match."
3564,19787,0,"The main reason for the two songs not matching is due to the different remixes that were made of the original song. The first song has a ""Ridney Remix"", while the second song has a ""Hook N Sling Remix"". Additionally, the second song has a different release date, which is November 15, 2011, while the first song was released on August 17, 2010. Finally, the two songs also have different copyrights, with the first song being licensed to StarCon LLC d/b/a Hear MusicTM, while the second"
6724,17069,1,"Both entities are songs with the same name and artist, which makes them a match."
1338,42035,0,"Both examples are of songs with remixes, but they are not the same song. Entity A: [SONG NAME] Beautiful Now ( feat . Jon Bellion ) [ Charlie Darker Remix ] Entity B: [SONG NAME] Spectrum ( Deniz Koyu Remix ) [ feat . Matthew Koma ] They are both different songs with the same artist."
3449,34332,0,"Entity A: [SONG NAME] Blackbird [ARTIST NAME] The Beatles [ALBUM NAME] Abbey Road [GENRE] Rock [PRICE] 9.99 [COPYRIGHT] 1969 EMI Records [TIME] 4:15 [RELEASED] 26-Sep-69 Entity B: [SONG NAME] Blackbird ( feat . The Raconteurs & Elton John ) [ARTIST NAME] The Beatles [ALBUM NAME] Live at Budokan"
5542,10251,1,"The two entities match as both have the same song name, artist and album. Additionally, the copyright information is similar as both mention the same record company, however, there is a slight difference in the copyright information mentioned."
1203,27999,0,"While both entities are songs, they have different releases and different versions (remixes, radio edit, deluxe version), making them not a match."
1285,34041,0,"1. Song names are different 2. Explicit version is different. 3. Release date of album is different. Therefore, they are not a match."
433,33307,1,"Both entities refer to the same song with the same name, artist, album, genre, time, and price. However, the last entity also has the addition of the explicit tag, making it a different release altogether. As such, it is a match as it is the same song, just in a different format."
251,52967,1,"Both entities refer to the same song titled VHS Outro by X Ambassadors, from the same album VHS, and both have the same price, copyright and release date. The only difference between the two entities is the use of the word ""clean"" in the second entity's title which means it's a clean version of the song. Therefore, they match as they are the same song with a different variation."
5030,21803,0,"1. While both entities refer to songs with the same artist, they have different song titles and album names, making them two different songs. 2. The two songs were released at different times."
4715,31612,0,"1. The entities have different names 2. They have different genre 3. Different features (Niki and the Dove for Skrillex v. Skrillex and The Juggernaut Remix )"
3450,7383,0,"1. The songs are not the same, they are different. 2. The versions are not the same, one is a ( Deluxe Version ) and the other is a ( Deluxe ) . 3. The album names are different, one is ( O.N.I.F.C. ( Deluxe Version ) ) and the other is ( Blacc Hollywood ( Deluxe ) ). 4. The genres are different, one is ( Hardcore Rap ) and the other is ( Rap & Hip-Hop ). 5. The releases are different, one is"
3414,34350,0,"Although both songs have the same artist and album name, they have different names and there's also no clear similarity between the two songs, so they are not considered a match."
1263,28025,0,"There are a few differences between the two entities that make them not a match: * Entity B has a different name than Entity A. ""Toyfriend"" versus ""I'll Keep Loving you"". * Entity B also features two different artists, Birdy and Jaymes Young, while Entity A features Wynter Gordon. * Entity B is from the ""Listen"" album, while Entity A is from the ""One Love"" album. * Entity B has a different release date, November 24, 2014, while Entity A was released on August 21,"
313,22286,0,"1. Song names are different 2. The versions have different prices 3. One is explicit while the other is not."
5086,40446,0,"While both entities refer to songs with the same artist and album, there are different track listings, version and different collaborators, therefore, they are not a match."
1165,27986,0,"* Both songs feature the same artist, David Guetta. * ""Dangerous"" appears in an album with the title ""Listen"" and features a collaboration with Sam Martin. * ""Hey Mama"" appears in an album with the title ""Listen"" and features collaborations with Nicki Minaj, Bebe Rexha and Afrojack. * Therefore, since both songs are different, they are not a match."
1268,31286,0,"Entity A and Entity B both have different song names, and only Entity A has the same song name as the third example. Additionally, Entity B has two different features ( Fiend and Wynter Gordon) and two different genre tags (Rap and Pop), and it's also different album and version, so it does not match the third example. Entity A, on the other hand, has the same name and is a dance song, and only its price and copyright information do not match the third example."
2022,28244,0,"The third example does not match the first two examples because it refers to a different song from the same album. While both the first two examples refer to the track ""Extra Extra Credit"" from the album ""Flight School"" by Wiz Khalifa, the third example refers to a different track, ""If I Am a Stranger"" from the live album ""Live After Deaf"" also by Ryan Adams."
1577,49518,0,"1. Both entities are Bonus Tracks from the same album, The Sound of Madness by Shinedown. 2. Entity A is from the Deluxe Edition of The Sound of Madness, which includes two bonus tracks (""Breaking Inside"" and ""Unpretty""). 3. Entity B is also a Bonus Track, but it's from the standard edition of The Sound of Madness, which includes one bonus track (""I Own You""). 4. Therefore, the two entities are not a match because they belong to different editions of the same album."
1759,27480,0,"1) The title of the song in Entity A refers to a remix version of the song, while Entity B does not mention anything about a remix or original version; 2) Entity A has a lower price compared to Entity B; 3) Entity B mentions DJ Snake as an artist while Entity A does not mention DJ Snake in the same capacity. Therefore, they are not a match."
6634,824,1,"1989 by Taylor Swift contains only the hit single Wildest Dreams, so both entities are a match."
1175,34891,0,"1. ""Choose"" is not a song on the ""Listen ( Deluxe Version )"" album. It appears on the ""One Love ( Deluxe Version )"" album. 2. The ""Dangerous"" remix is a Robin Schulz remix and not an original version by David Guetta. 3. ""Choose"" features vocals by Ne-Yo and Kelly Rowland, while ""Dangerous"" features vocals by Sam Martin. 4. ""Choose"" is in the house and electronic genre, while ""Dangerous"" is in a rock, house,"
1543,41585,0,"The two entities refer to live acoustic recordings of the same song, performed by the same artist, but on different albums and therefore are not a match."
1784,11758,0,"Both entities are songs that feature Nicky Jam, but they have different names and they are not remixes of each other. Therefore, they are not a match. Entity A is a remix of ""Piensas en M"" by Jory & Yelsid, while Entity B is not a remix at all."
4733,31618,0,"2 entities are songs that are remixes of different original tracks by different artists, and are therefore, not a match."
3407,7387,0,"While both entities are songs by Wiz Khalifa, one has a shorter version of the song, and the other has a remix version that features collaborations with other artists, which is not mentioned in the second entity. Therefore, they do not match."
3270,49156,0,"While both entities mention songs by Lady Gaga with different names, only one of them mentions the album name which is a remix, and the other one has a different album name ""The Remix"". For example, Entity A mentions the album name ""Born This Way"" which is the original album name, while Entity B mentions the album name ""The Remix"" which is the album name that features different versions of songs from her original album ""The Fame"". In addition, Entity A also mentions the genre as ""Pop, Music and Dance"" while Entity B mentions the genre"
1275,28013,0,"1. While both entities refer to songs featuring the same artist and have the same album name, their actual album names are different. In this case, the first song is from a deluxe version of David Guetta's album ""One Love"" while the second is from his album ""Listen"". Therefore, the two entities don't match based on their album name. 2. The second song is also from a different album, ""Listen"" and has a different feature artist, Sam Martin, compared to the first song ""Toyfriend"" which features Wynter Gordon. 3. Finally, the second"
5062,34901,0,"2007 and 2014 both have different release years, different genres and also have different bonus versions."
3864,8306,1,"The songs match as they both have the same name, artist, genre, album, and release date."
5215,44681,0,"1) The two songs have different names. 2) The two songs are not part of the same album. 3) The two songs have different genres. 4) The two songs have different versions. Therefore, all of these factors make the two songs not a match."
4053,31610,0,"In this case, both entities are related to the Skrillex song ""Scary Monsters and Nice Sprites,"" but they are slightly different versions and have different copyright information, album names, remixers, and lengths. The two entities do not match because they refer to different variations of the same song."
2901,21458,1,"Both entities have the same name, artist and genre. However, they are different in their copyright information, time, and whether they are explicit or not. The first entity was released in 2003 and the copyright information is a bit unclear, while the second entity was released in 2015 and has explicit information. Additionally, while the first entity's time is listed as 2:01, the second entity's time is given as the same, but the title is ""Outro"" which may indicate that it is the end of an album."
341,27491,0,"Although both entities have the same name and artist, they have different versions of the song, which are not identical. The first entity features a remix by The Partysquad and Punish and is part of an EP. The second entity features a remix by Fono and is also part of an EP. Therefore, these two entities do not match as they refer to different versions of the same song."
1345,42034,0,"Explanation: Although both songs feature collaborations with Zedd and the artist, they have different names and prices, and they have different track lengths and times. Therefore, they are considered not a match. Additionally, the first entity refers to a remixed version of a song, while the second entity is the original version, making the two entities not a match."
2744,17201,0,"679 is a version of Whateva featuring Monty that was released as a single and is rated as explicit while Whateva ( Fetty Wap ( Deluxe ) is a version of Whateva from the album Fetty Wap (Deluxe) and does not have an explicit rating."
3452,34321,0,"Despite having the same album name and both having features from other artists, the two songs ""Remember You"" and ""Medicated"" are not matches because their names and content differ. ""Remember You"" is a solo track, while ""Medicated"" features two other artists, and it is an explicit version, whereas ""Remember You"" is a regular version."
582,378,1,"Both entities are songs by Ed Sheeran from the same album with the same title, but they are two different versions of the same song. Entity A is a bonus track from a standard edition album, while Entity B is a different version from a deluxe edition album. Therefore, they match based on their connection to the same album and song title."
2809,44223,0,"1) The title of the songs is different. 2) The artist is also different."
1279,34874,0,"1) The names of the songs are different in the two entities. 2) The collaborating artists in the two versions are different. 3) The genre of the two versions are different. 4) The price of the two versions is different. 5) The copyright date of the two versions are also different. 6) The time of the two versions is also different. Therefore, the two entities are clearly not a match."
5702,37654,1,"The two entities, while having the same song name, have different features, artist name, album name, genre, price, copyright and release date. However, the release date is the same."
2962,22498,0,"1. The titles of both songs are different and do not match. ""Pray to God ( Calvin Harris vs Mike Pickering Hacienda Remix )"" vs ""How Deep Is Your Love ( Calvin Harris & Disciples Remix )"" 2. The artists listed in both tracks are also different and do not match. ""Calvin Harris"" vs ""Calvin Harris & Disciples"" 3. The album names of both tracks also do not match, ""Pray to God ( Remixes )"" vs ""How Deep Is Your Love ( Remixes )"""
1299,34007,0,"Even though both entities are songs by David Guetta, featuring popular artists (Crystal Nicole, Tyrese Gibson and Chris Brown, Lil Wayne respectively), they have different names and are not a match."
6345,18442,0,"1. Song A refers to a remix, while song B is the original version. 2. The release date of both songs is different. 3. While both songs have the same artist and title, the tracklisting, genre, and length are different. Therefore, they do not match."
4736,30405,0,"While both entities feature a Skrillex collaboration, they are two completely different songs and hence are not a match."
2862,22966,0,"1. Song B has an artist that was not mentioned in the original song, 2. Song B has a different remix, which was not featured in the original song and 3. Song B is part of a different album. These reasons indicate why the two entities do not match."
2222,815,1,"Both entities have the same name, artist, album, genre and price, however, in Entity A, the song is named in all caps while in Entity B, the song is named in lower case. The release date is also slightly different by a day."
1347,42021,0,"While both entities are songs by the same artist, they have clearly different titles, features, and even release dates, making them not a match."
5146,44694,0,"1. The titles of the songs are different and 2. they have different releases."
1164,9943,0,"* The first entity is an album named ""Listen (Deluxe Version)"" by David Guetta, which contains a track named ""Dangerous"" featuring Sam Martin. It also has a Robin Schulz remix of the song and the radio edit version. This track has multiple genres of dance, music, rock, house, electronic, and French pop. * The second entity is an album named ""Certified (Edited Version)"" by David Banner, which contains a track named ""Take Your"" featuring Bun B. It has an album version of the song and an edited version. This track is categor"
2862,42525,0,"* While both songs have the same name and feature the same two artists, their genres are different. The first song has a genre of electronic music, dance, music, hip-hop and rap, while the second song has a genre of pop. * The prices of the two songs also differ, with the first one selling for $ 0.99 while the second one sells for $ 0.99. * The copyright and release dates of the two songs are different as well. The first song was copyrighted in 2007 and released on August 14th, while"
5207,22901,0,"1) There is a slight difference in the song title of Entity A compared to Entity B. 2) Entity B is an album version with an explicit rating, while Entity A is a track with a non-explicit rating. 3) The artists and albums listed in Entity B do not match those in Entity A. 4) Entity B is only a digital download, while Entity A is a physical release with a cover."
1184,12106,0,"1. The extended version of Hey Mama has additional features such as Bebe Rexha and Afrojack, while Dangerous only features Sam Martin. 2. The remixes of Hey Mama are also available in an extended EP, while Dangerous is not. 3. The release dates of the songs are also different, with Hey Mama being released in May 2015, while Dangerous was released in October 2014. Therefore, these two entities do not match as they have different features and release dates."
3104,22995,1,"Both entities are songs with the same name, artist, album, and price. Despite the slight differences in genre, the entities are still a match."
1598,52923,0,"The first difference between the two entities is the pricing of the demo versions, where the second entity is labeled as $ 1.29 while the first entity is labeled as $ . The second difference is the album name which is different as well, where the second entity has "" Deluxe "" added to it, indicating that it is a special edition of the album. The third difference is the album name format, which in the first entity is "" Us and Them ( Deluxe Version )"" and in the second entity "" Us And Them ( Deluxe )"" where the capitalization is different. The"
289,22313,0,"Entity A and B refer to the same song, ""Epilogue ( feat . George the Poet)"", but have clearly different names as Entity A mentions an additional artist, while Entity B has a different featured artist. As a result, Entity A and Entity B do not match. Therefore, the label for the third example is: ""NOT A MATCH"""
1195,28050,0,"Even though both entities are songs by the same artist, David Guetta, with the same featured artist, Sia, the songs have different names and are not a match. Also, the Genre of the two songs is slightly different, with the first entity having Rock and French Pop genres, while the second entity only has Dance & Electronic."
3236,5545,0,"1. While both entities are songs that have Lady Gaga as an artist, the first example refers to a remix of ""Do What U Want"" featuring Christina Aguilera, while the second example is for a remix of ""Bad Romance"" by Kaskade. The titles of the songs are different, and therefore, they do not match. 2. The price of the songs is different in each example, indicating a different release cycle and marketing strategy for each remix. The original album may not have been available or sold in certain regions or time periods. This suggests that the remixes"
4659,41090,1,"Both entities refer to the same song with the same name, artist, and album. However, they differ in the quality and style of the remix and the label that released the song. This is why the two entities match, but only as a remix of a particular song."
5518,9828,1,"Both entities are songs with the same name and artist. The only difference is the release date and the album name."
2020,28308,0,"1) both entities have the same album name, Live After Deaf, but are different songs. 2) the entity B has the phrase ""Collection"" instead of ""Complete Collection"" which is not the same entity A."
1193,28008,1,"2015 if Moving Your Mine are both entities that have the same name, artist, and album. Therefore, they are considered a match."
3499,54794,0,"1. Although entity A and B both feature the same artist, they have different names and album names, which makes it clear that they are two different tracks. 2. The release date of entity A is also in the past, while the release date of entity B is in the present. 3. Both tracks were released in different years. 4. Entity A mentions a ""Sweet Spot 2.0"" feature, while entity B mentions a ""Sia"" feature, which is a different artist than the one in entity A. 5. The genre of entity B is different from that of"
5073,34877,0,"1) Even though both songs are remixes by David Guetta, they are different from each other because they have different collaborators and title names. 2) Also, the albums are different with Entity A belonging to the Pop Life album and Entity B belonging to the One Love album. Therefore, both entities do not match."
5515,9835,0,"50% of both entities match the same genre and are live recordings of songs, however, they have different names and album titles, which make them NOT a match."
311,22308,0,"1. The song ""Lifted"" ( featuring Emeli Sand '  & Professor Green ) and ""La La La"" ( featuring Sam Smith ) are not the same song because they have different artists, and the songs have different lyrics. 2. Both songs are part of the same album ""Hotel Cabana"" by Naughty Boy. 3. Both songs are part of the same genre, which is Pop. 4. Both songs are available for purchase on the same platform (Virgin Records Ltd) and have a similar price ($1.29). 5."
325,22311,0,"1. ""Lifted"" features Emeli Sand and Professor Green, while ""Pluto"" features Wretch 32. 2. ""Lifted"" is included in the deluxe version of Naughty Boy's album ""Hotel Cabana"", while ""Pluto"" is not. 3. The album name ""Hotel Cabana"" was not mentioned in the first example. 4. In the second example, the song ""Pluto"" was released after the song ""Lifted"" was released."
3574,53962,0,"The first reason for the label ""NOT A MATCH"" is that both entities refer to songs by different artists. Entity A refers to ""Why You Up In Here"" while Entity B refers to ""Man of the Year"". Therefore, they do not match in terms of their names. The second reason is that both entities have different album names. Entity A's album name is ""Only One Flo, Pt. 1"" while Entity B's album name is ""Welcome to Flo Rida"". Therefore, they do not match in terms of their album names. The third reason is that the"
3507,23084,1,"1) Both songs have the same title, featuring the same artists. 2) They have the same album name and track duration. 3) Both are remixes of the original song ""I Do n't Like It , I Love It"" with different artists. 4) They were released in the same year, 2015. Therefore, both entities are a match."
1570,27494,0,"- Both entities refer to songs by Shinedown, but with different song names. - Entity A is a bonus track that appears on the Deluxe Edition of The Sound of Madness, and entity B is from a different album, Leave A Whisper (Deluxe)."
3398,7369,0,"1. The third entity has ""Deluxe"" as part of its album name, which is not present in the other two entities. 2. The second entity has a reference to explicit content in its name, while the other two do not. 3. The third entity has a reference to ""Blacc Hollywood (Deluxe)"" album name in its name while the other two entities don't have this. 4. The second entity has explicit in its name while the other two don't have this. Therefore, none of these entities match."
2375,3581,1,"* Entity A has a slight difference in the album name compared to entity B, in that B has added a lowercase letter and entity A has removed the word ""all"" from the album name. * Despite that, both entities have the same song name and the same artist. * Therefore, it is safe to say that the two entities match, as they are referring to the same song on the same album by the same artist."
5985,38096,0,"1. The third entity has a different name and it is Reba McEntire's album, while the other two entities are songs featuring Reba McEntire. 2. The album has a different title and is # 1, and not Flight School, while the songs have different album titles."
265,52970,0,"Entity A and Entity B both have the same artist and album but different song names. Entity B has an additional notation ""Clean"" which indicates that the song is a clean version, meaning it does not contain explicit content. The notation is not present in Entity A, which indicates that the song contains explicit content. Therefore, they are not a match as they are two different versions of the same song."
2959,7497,0,"1) The entities are different songs by the same artist. 2) The entities are not the same remixes, the first remix is by Michael Brun and the second remix is by Burns. Therefore, they are not a match."
3308,7387,0,"1. The first entities have the same name, artist, and album, however, it's an original version of the song, while the second entity is a remix with additional artists, therefore it doesn't match. 2. Both entities have the same name, artist, and album, but the first one has the deluxe version and the second one has a different version. Therefore, they don't match. 3. Although both entities have the same name and artist, the second one has an explicit label and additional artists, making it not a match."
416,33321,1,"1) This example shows that an album's tracklisting is similar to the list of tracks found on the Deluxe edition of the album (which includes the explicit version) and the deluxe edition of the album is released before the standard edition of the album. 2) Therefore, the label ""Match"" is appropriate, as both entities are closely related."
3440,34314,0,"Although both entities are songs that feature 2 Chainz and were released on the album O.N.I.F.C., they are not considered a match because they have different names, artists, and genres. Moreover, the copyright date of the second entity is before the release date, which is not consistent with the information provided in the first entity."
1269,28015,0,"Explanation: Both entities refer to songs featuring the same artist. However, the tracks are not the same, and there are differences in the names, album, and genre. Also, the tracks are released in different years and are not deluxe versions. Therefore, they do not match based on the given criteria."
1182,34041,0,"1) This example shows that songs can have different names, even if they have the same artist and feature other artists in collaboration. 2) 2. The label on entity B mentions ""Explicit,"" which refers to an explicit version of a song, which can be inappropriate for certain audiences. 3) Finally, it's worth noting that the release dates of entities A and B are 2 years apart, as entity A was released in 2011 and entity B in 2013."
3634,54794,0,"Although both entities are songs by the same artist, they have different track names and album names. Additionally, the genres are slightly different, with Entity A categorizing the genre as ""World"" and Entity B categorizing it as ""House""."
6314,20455,0,"While both entities refer to songs by the same artist, there are several differences that make them not a match. First, the names of the songs are different, with Entity B having a significantly shorter name and Entity A having an additional artist. Additionally, the album name is different between the two entities, with Entity B being a deluxe version of the album. Finally, the genre of Entity B is also different, with it being classified as electronic and dance & electronic while Entity A is classified as a mix of various genres including rock, reggae, and alternative."
1301,28063,0,"Both songs have the same artist, but there are significant differences between the two tracks such as their features, genres and album name. Therefore, the two songs do not match."
3870,23901,1,"1. Both entities have the same song name, 2. the artist name is the same, 3. the album name is the same, 4. the genre is similar (country) and 5. the time length is also similar. Therefore, the two entities are a match."
4761,6235,0,"1. The songs have different names, 2. The remix is different and 3. The releases are different, this is why the label is labeled as NOT A MATCH."
1669,52916,0,"While the entities both feature Shinedown and the same title, the album name, genre and release date are different, making them not a match. Additionally, the second entity features a different genre and release date compared to the first, which makes them not identical. Therefore, both entities are labeled as ""NOT A MATCH""."
4326,23361,1,"1. The genre of both songs is Country which indicates that it is a match 2. The price of both songs is the same which indicates that it is a match 3. However, the label of the second entity is missing the last part ""Capitol Records Nashville"". Without the label it's not clear if it is a match or not, but it's likely that the label of the second entity should be the same as the first entity"
4678,41114,0,"1) Entity A and B both have different names (Take '`` There, Febreze) 2) Entity A has two different versions (Missy Elliott Remix, Regular Version) and has multiple genres while Entity B has only one version and one genre. 3) Entity A and B have a different label and copyright info. Therefore, they are not a match."
249,53087,1,"In this example, both entities are songs with the same name and artist. However, the second entity has an explicit content rating which is not mentioned in the first entity. Furthermore, the second entity has a different genre classification, which is also not mentioned in the first entity. Due to these differences, the second entity cannot match the first entity completely, even though they share the same name and artist."
1316,9940,0,"* ""Dangerous"" and ""Ai n't Got Nothing"" are two different songs, even though they both have ""David"" in the artist name and are released by rappers. * The differences in the song title, genre, price, and the artist name featuring another rapper in ""Dangerous"" and ""Ai n't Got Nothing"" are significant enough to conclude that they are not a match."
5695,37659,0,"1. The names of the songs are different. 2. The artists featured in the songs are different. 3. The album names are also different. 4. The versions of the album are also different. 5. The genres of the songs are slightly different."
6289,47836,0,"1) The songs have different names. 2) The songs have different features (Evans Roman vs. Wanz). 3) The songs have different album names (The Heist vs. The Heist (Deluxe Edition)). 4) The songs have different genres (Rap & Hip-Hop vs. Hip-Hop/Rap, Music, Rap, Alternative Rap, West Coast Rap). 5) The songs have different copyrights (2012 Macklemore , LLC. vs. 2014 Selena Garcia & Steven Gomez)."
4743,41115,0,"1) the name of the song is different 2) the artist collaborated with different artist 3) the album released date is not match 4) the album title also different 5) the genre also different."
426,33282,1,"Both entities are songs that have the same name, artist, album, genre, and price. Additionally, in both entities, the song ""Closer"" features the vocalist Mike Posner. However, there is a difference in the explicit version, one has a clean version of the song and one is explicit. Therefore, both entities match except for the explicit version and have a different label."
498,29283,1,"Both Entity A and Entity B are the same song called ""Firefly"" by Ed Sheeran. However, Entity B mentions that the song has a Bravado Dubstep Remix while Entity A does not. It also mentions that Entity A belongs to the Pop genre while Entity B belongs to various genres such as Singer/Songwriter, Rock, Adult Alternative, Contemporary Singer/Songwriter and Contemporary Pop. Therefore, they do match as they are the same song with the same name and artist, but the genre information differs, indicating the difference in the album or"
6011,47246,0,"2014 and 2009 are clearly different years, and ""deluxe version"" and ""deluxe"" are different versions of the album. Therefore, the two entities are not a match."
6851,39325,0,"1) Entity A refers to the deluxe version of the album while Entity B refers to the regular version of the album 2) Entity A has additional features, such as "" Hardcore Rap , East Coast Rap "" which Entity B does not have. 3) The copyright information for Entity B is the same as Entity A, but in a different format (clean). Entity A does not mention any clean version."
588,55899,1,"Both entities are songs with the same name and artist, making them a match for one another in terms of the entities they are. The only difference between the two entities is their genre, and while both are listed as pop music, the first entity also includes other genres such as rock and contemporary singer/songwriter, while the second entity is listed specifically as pop music."
5201,22909,0,"The first example does not match the second example because: * The names are different (Hold Up vs. Wowzerz). * There are no explicit versions mentioned in the first example. * The artists are the same, but there are other artists involved in the first example (T Streets) who are not mentioned in the second example. * The albums are the same, but the second example has an explicit version, which was not mentioned in the first example. * The genres are the same, but the second example mentions only ""Rap & Hip-Hop"" while the"
1264,34920,0,"1. While both entities refer to songs on the same album, the song name is different. Toyfriend and Gettin' Over are not a match. 2. Additionally, the second version of Toyfriend features a different artist, Wynter Gordon, whereas the second version of Gettin' Over features Chris Willis. Therefore, these two entities are not a match."
969,41979,0,"The first entity is a live concert album of Taylor Swift's Speak Now World Tour, released in 2011, while the second entity is a music single from the same album, released in 2010. This makes the two entities non-matches as they refer to different releases."
1558,41579,0,"Explanation: While both entities refer to songs with the same artist, they have clearly different names and album titles. Entity A refers to a live acoustic version from a specific concert location, which is not the same as the original album version. Entity B refers to a specific track from the album, which is not the same as the album version of Entity A. Therefore, they do not match."
6762,51437,0,"While both entities are tracks from the album ""Trilogy"" by The Weeknd, they have different names and therefore, are not a match. The ""Pt. 2"" in the title of entity B is also referring to a specific track on the album, not a generic ""part 2"" of the ""The Birds"" song."
1156,34921,0,"The third example has several differences that prevent it from being a match with the other two entities: 1. The third entity has two different versions of the same song: ""Dangerous ( Robin Schulz Remix)"" and ""Dangerous ( Radio Edit)"". The other two entities do not have multiple versions of the same song. 2. The third entity has a different title than the other two entities: ""It 's The Way You Love Me"" instead of ""Dangerous"". 3. The third entity has a different featured artist: Kelly Rowland instead of Sam Martin. 4."
1685,23820,0,"Although both entities refer to the same artist, they are different songs with different names. ""Best of Cr247"" is not an actual song that appears on Chase Rice's album ""Ignite the Night ( Party Edition )"". Instead, it was a promotional song designed to advertise the album. On the other hand, ""50 Shades of Crazy"" is a song that appears on Chase Rice's album ""Ignite the Night"". The differences in the song titles and promotional status make them a not a match."
3312,34309,0,"While both entities feature the same artist, different songs are mentioned and also the album name is different. So, they do not match."
368,19176,0,"1) The two entities refer to different songs, 2) the entities have different remixes, and 3) the entities were released on different albums. Therefore, the label is NOT A MATCH."
3413,34349,0,"1. The two songs are different songs, as ""Remember You"" features The Weeknd, while ""Rise Above"" features Pharrell, Tuki Carter, and Amber Rose. 2. ""Remember You"" has a different title than ""Rise Above."""
2979,37085,0,"In this case, both entities are songs that refer to the same remix of the same original song, but they have different names for the same remix. One is marked with a feature of another artist, while the other is also marked with a feature of another artist, but the original song's name has changed. The remix names are different and therefore, it does not match with the first example where the name of both entities is identical."
3527,54789,0,"1. Even though both songs are by the same artist, Flo Rida, they are different in terms of the names of the songs. 2. They are also different in terms of the genre of the songs, with Wild Ones having a House genre compared to Good Feeling having a Seductive Remix genre. 3. Additionally, they are different in terms of the time they were released, with Good Feeling being released in 2011 and Wild Ones being released in 2012."
1164,27989,0,"The reason for not a match is that both entities are songs by David Guetta but with different features, different versions, different titles, different albums and different genres."
5122,34113,1,"Both entities are songs with the same name, artist and album. The second entity has a explicit version of the song while the first entity does not. As such, the two entities are not a match.</s> Entity A: [SONG NAME] From The Dust [ARTIST NAME] Adele [ALBUM NAME] 21 [GENRE] Alternative Pop , Rock , Post-Punk , Neo-Soul , R&B , Indie Pop , Electronic Rock , Introspective Rock , Alternative Dance [PRICE] $ 1."
3421,34320,1,"In this example, both entities have the same song name, artist, and album name. The only difference is that Entity B includes the explicit label, which matches the label of Entity A. Therefore, both entities match."
1069,11277,1,"Entity A and B are songs that have the same title, artist name, and album name. The difference between the two is the length of the song and the price. They both have the same remix. They are a match because of the similarities in the title, artist name, album name, and remix."
3451,34326,0,"Although both entities refer to songs on the same album, they have different names and different collaborations, therefore, they are not a match. Also, Entity A's version is a Deluxe Version, which changes the price and time, making it not a match with Entity B's version. Furthermore, Entity B's version is explicit, while Entity A's version is not, so they cannot be considered a match due to their different explicit content."
310,22304,0,"The first entity has an extra information in their song name which is ""Extra"" which is not present in the second entity. Additionally, the second entity also has a feature artist, Wiz Khalifa, which is not present in the first entity. Furthermore, the genre in the second entity is explicitly listed as ""Pop"" while in the first entity it is a mix of various genres. Thus, it can be said that the two entities do not match, since they have distinct differences."
4587,26140,1,"Both entities have the same name, artist, and album. The only difference is that in Entity A, the album name has ""The"" added in front of ""Ranch"". Entity B also has the same album name without ""The"" but it has a different title track than Entity A, making it a different song."
1263,34898,0,"While both entities refer to songs with the same artist and album, they have different names and features, such as the features on the songs. Also, one version is labeled as ""Continuous Mix Version"" while the other is not, which is also a difference. Therefore, they cannot be labeled as a match."
2959,22498,0,"Both songs have the same name but different artists, features, remixers and album, they are also from different years. Therefore, they are not a match."
5161,34090,0,"1. Entity B is a different song from Entity A with a different title and featuring a different artist. 2. Entity B is from a different album ( Nothing Was The Same ) while Entity A is a bonus track on the album Take Care. 3. Entity A has an explicit rating while Entity B does not. 4. The genre is listed differently: Entity A has a more general ""Hip-Hop/Rap"" category, while Entity B is listed as ""Rap & Hip-Hop"". Therefore, the two entities do not match."
2022,28367,0,"While both entities refer to live performances by Ryan Adams, the song name, album name and genre are different, therefore, they are not considered a match."
1155,31283,0,"* Entity A refers to a song titled ""Dangerous"" that features Sam Martin and was remixed by Robin Schulz. The song is part of the ""Listen"" album and was released in 2014. The song is of the House, Rock, Electronic, and French Pop genre, with a price of $1.29. * Entity B refers to a song titled ""Choose Me"" that features Sky and was included in the album ""Mississippi-The Album"". The song is of the Pop genre and was released in 2003. The song is of the"
2301,1238,0,"- Firstly, they have different song titles. - Secondly, they are from different albums. The songs in Entity A come from Greatest Hits while the songs in Entity B come from 49 All Time Greatest Hits. - Thirdly, the artists are different. Kenny Chesney is in Entity A and Kenny Rogers is in Entity B. - Fourthly, the genre of the songs is different. While the songs in Entity A have a genre of country, urban cowboy, contemporary country, and music, the songs in Entity B have a genre of country, traditional country"
3412,7387,0,"The reason that these two entities do not match is because they are referring to different songs. While both entities have the same artist, ""Wiz Khalifa"", they have different song names, ""Remember You"" and ""We Dem Boyz Remix"" respectively. Additionally, the album names, ""O.N.I.F.C. (Deluxe Version)"" and ""Blacc Hollywood (Deluxe)"" are also different. Even though the genres of both songs are similar, ""Hip-Hop/Rap, Music, East Coast Rap, Hardcore Rap, and Rap"""
6876,13612,0,"Entity B, This Weed Iz Mine, has some features that differentiate it from Entity A, Sumthin Like This Night, such as different lyrics and explicit tag. These two songs are considered as different songs, even though they both have the same name and artist."
2394,29834,1,"1. The ""with"" clause in Entity B's description means "" featuring "" instead of "" with "". 2. The "" + video "" tag in Entity B's description indicates that this version includes a music video. 3. Since both entities refer to the same song with the same artist, the second entity is a match with the third entity as it includes an additional information about the video."
3341,7371,0,"While Entity A refers to a song featuring The Weeknd, Entity B features a different artist, Nicki Minaj. Additionally, Entity A is only available as a deluxe version and not as the regular version of the album while Entity B is the regular version of the album. Therefore, Entity A and Entity B do not match as they have different features and album versions."
2653,44051,0,"A) The second entity is a single, not an album. Therefore, the album name ""Little Big Town"" does not match the album name ""Tattoos On This Town."" B) While the two entities are related to each other by the fact that they both have ""Tattoos"" in their song names, they are still not a match as they are different songs. C) The copyright information is also different for both entities. The first entity copyright information is from 2002, while the second entity is from 2012."
3409,7357,0,"Both entities have the same name and artist, but the released version of Entity A is a Deluxe version which means it is a different edition with bonus tracks, while Entity B is a remix which has different features."
264,53050,0,"2 entity A and entity B are 2 different songs that appear on the album VHS, one of them is an interlude while the other one is a music track."
2702,17183,0,"Explanation: Both songs feature the same collaborator, but their names and album names differ, so they cannot be considered a match."
6282,47824,0,"While the two entities are songs with the same artist, they have different features and versions, which means the names are not the same and therefore, they are not a match."
1750,54953,0,"Explanation: While Entity A refers to a song remixed by Dillon Francis & DJ Snake, and Entity B refers to a song remixed by Willy Joy, Flosstradamus, and Dillon Francis, the songs have different original artists and the original song name is different. Therefore, they are not a match."
3264,25857,0,"Although both entities are songs by Lady Gaga, they were not labeled as a match because they were from different albums. ""Judas"" was from ""Born This Way ( The Remix )"" album while ""Just Dance"" was from ""Just Dance ( Remix EP pt2 )"" album. Also, the third entity is a single release, while the second entity is a remix EP, which would have a different release date and format."
1199,27988,0,"1) the name of the song is different, 2) the artist's name is the same but with a slightly different capitalization and 3) the album name is also different but only with the addition of ""Deluxe"" in the end, leading to these entities not being a match."
3452,34332,0,"Entity A and Entity B both feature the same artist, but the songs are different. Entity A features The Weeknd, while Entity B does not. Entity A has a longer version of the song with the deluxe version and a different feature, while Entity B features a different feature as well. They are therefore, not a match."
